"If you find a mistake or have an update for this document, we would appreciate you kindly contacting: aqli-info@uchicago.edu",,,,,
,,,,,
National Annual Average PM2.5 Standards (used in AQLI 2026 Annual Report),,,,,
,,,,,
Country,Continent,AR Region,National Annual Average PM2.5 Standard (in µg/m³),Year/Status,Source
Afghanistan,Asia,South Asia,35,2011,https://www.jstor.org/stable/resrep24367.14#metadata_info_tab_contents
Albania,Europe,,10,2015; annual 2030 limit revised in 2024,Refer Austria
American Samoa,Oceania,,9,1997; latest revision in 2024,Refer USA
Andorra,Europe,,25,2015,https://www.aire.ad/about_air/normative_levels
Australia,Oceania,,8,2015,https://www.legislation.gov.au/F2007B01142/2016-02-03/text
Austria,Europe,European union,10,2015; annual 2030 limit revised in 2024,https://www.consilium.europa.eu/en/press/press-releases/2024/02/20/air-quality-council-and-parliament-strike-deal-to-strengthen-standards-in-the-eu/
Bahrain,Asia,Middle East and North Africa,25,,"https://www.ssph-journal.org/files/Articles/1605352/ijph-68-1605352-HTML-r2/image_m/ijph-68-1605352-g002.jpg 
https://www.ohchr.org/sites/default/files/Documents/Issues/Environment/SREnvironment/Pollution/Bahrein.pdf "
Bangladesh,Asia,South Asia,35,2005; latest revision in 2022,"https://www.theigc.org/sites/default/files/2023-11/BREATHING-UNEASY-An-Assessment-of-Air-Pollution-in-Bangladesh.pdf 
https://www.dhakatribune.com/opinion/op-ed/340147/revisiting-pm2.5-standards-in-bangladesh 
https://mccibd.org/wp-content/uploads/2022/07/Air-Pollution-Control-Rules-2022.pdf "
Barbados,North America,,10,,https://www.epd.gov.bb/What-We-Do/Ambient-Air-Quality/
Belarus,Europe,,15,2015,https://www.swisstph.ch/fileadmin/user_upload/SwissTPH/Institute/Ludok/Grenzwerte/AirQualityStandards_PMOzoneNO2SO2CO_TablesReferences.pdf
Belgium,Europe,European union,10,2015; annual 2030 limit revised in 2024,Refer Austria
Bosnia and Herzegovina,Europe,,20,2019,https://pubdocs.worldbank.org/en/571891579547481576/Air-Quality-Management-in-Bosnia-and-Herzegovina-Executive-Summary-eng.pdf
Bouvet Island,Africa,,5,latest revision in 2024,https://www.fhi.no/en/cl/air-pollution/outdoor-air-handbook---air-quality-criteria/summary-and-background-information/summary/?term=#overview-of-current-air-quality-criteria
Brazil,South America,Latin America,10,2018,https://www.researchgate.net/publication/335576642_The_Updated_Brazilian_National_Air_Quality_Standards_A_Critical_Review
Bulgaria,Europe,European union,10,2015; annual 2030 limit revised in 2024,Refer Austria
Burundi,Africa,Central and West Africa,35,Draft issued for public comments,https://bbnburundi.org/wp-content/uploads/2021/05/Air-quality-Specification-DEAS-vrai.pdf
Cambodia,Asia,South East Asia,25,2020,"EANET, Cambodia
https://www.unescap.org/sites/default/files/12.%20Air%20Quality%20Management%20in%20Cambodia_MoE.pdf"
Canada,North America,,8.8,latest revision in 2020,https://www.canada.ca/content/dam/eccc/documents/pdf/cesindicators/population-exposure-air-polluants/2021/population-exposure-outdoor-air-pollutants.pdf
Chile,South America,Latin America,20,2011,"https://www.sciencedirect.com/science/article/pii/S2212095520306787#:~:text=In%20Chile%2C%20at%20least%2060,of%2020%20%CE%BCg%2Fm3."
China,Asia,,30,2026,https://www.transportpolicy.net/standard/china-air-quality-standards/
Colombia,South America,Latin America,20,2011; proposal to revise the standard to 15 in 2030,"https://www.frontiersin.org/journals/environmental-science/articles/10.3389/fenvs.2020.00065/full 
https://ehjournal.biomedcentral.com/articles/10.1186/s12940-022-00947-8 "
Croatia,Europe,European union,10,2015; annual 2030 limit revised in 2024,Refer Austria
Cyprus,Europe,European union,10,2015; annual 2030 limit revised in 2024,Refer Austria
Czechia,Europe,European union,10,2015; annual 2030 limit revised in 2024,Refer Austria
Democratic Republic of the Congo,Africa,Central and West Africa,35,East African Community Regional Standard 751:2010 yet to be adopted,https://esa.afdb.org/sites/default/files/9%20UK11-24483_6_NBIA%20ESIA%20Air%20Quality_Chapter%209.pdf
Denmark,Europe,European union,10,2015; annual 2030 limit revised in 2024,Refer Austria
Dominican Republic,North America,Latin America,15,2003,https://idard.org.do/wp-content/uploads/2018/11/NA-01-Normas-de-Calidad-de-Aire-y-Control-de-Emisiones.pdf
Ecuador,South America,Latin America,15,2015,https://faolex.fao.org/docs/pdf/ecu155133.pdf
Egypt,Africa,Middle East and North Africa,50,2012,"https://www.ncbi.nlm.nih.gov/pmc/articles/PMC9986936/
https://www.google.com/url?sa=t&source=web&rct=j&opi=89978449&url=https://biodiversitylinks.org/library/resources/rmp/library/content/tools/environmental-policy-and-institutional-strengthening-epiq-iqc/egyptian-environmental-policy-program-eepp-program-support-unit-psu-task-order-cd-vol-2/considerations-for-revising-air-quality-standards-in-egypt/%40%40download/file/021%2520Air%2520Qual%2520Standards-Loeb.pdf&ved=2ahUKEwj1mJvV7rqHAxWE1skDHXgRD0QQFnoECEwQAQ&usg=AOvVaw217grpok10j_DU6TTcjDik "
El Salvador,North America,Latin America,15,2003; latest revision in 2017,https://www.transparencia.gob.sv/institutions/marn/documents/245584/download
Estonia,Europe,European union,10,2015; annual 2030 limit revised in 2024,Refer Austria
Finland,Europe,European union,10,2015; annual 2030 limit revised in 2024,Refer Austria
France,Europe,European union,10,2015; annual 2030 limit revised in 2024,Refer Austria
Georgia,Europe,,20,2020,https://ge.boell.org/en/2022/12/15/atmosperuli-haeris-dabindzurebis-kontroli-sakartveloshi-arsebuli-politika-da#_ftnref6
Germany,Europe,European union,10,2015; annual 2030 limit revised in 2024,Refer Austria
Greece,Europe,European union,10,2015; annual 2030 limit revised in 2024,Refer Austria
Guam,Oceania,,9,1997; latest revision in 2024,Refer USA
Hungary,Europe,European union,10,2015; annual 2030 limit revised in 2024,Refer Austria
Iceland,Europe,,10,2015; annual 2030 limit revised in 2024,Refer Austria
India,Asia,South Asia,40,2009,https://cpcb.nic.in/uploads/National_Ambient_Air_Quality_Standards.pdf
Indonesia,Asia,South East Asia,15,2021,"https://peraturan.bpk.go.id/Home/Details/161852/pp-no-22-tahun-2021
https://www.greenpeace.org/static/planet4-indonesia-stateless/2021/09/03adc854-indonesia-and-the-world-health-organization-air-quality-guidelines.pdf"
Iran,Asia,Middle East and North Africa,12,2019,"https://www.ncbi.nlm.nih.gov/pmc/articles/PMC9986936/ 
https://www.ncbi.nlm.nih.gov/pmc/articles/PMC10213600/ "
Iraq,Asia,Middle East and North Africa,10,,https://www.ncbi.nlm.nih.gov/pmc/articles/PMC9986936/
Ireland,Europe,European union,10,2015; annual 2030 limit revised in 2024,Refer Austria
Israel,Asia,Middle East and North Africa,25,2008,https://www.mdpi.com/2073-4433/11/10/1065
Italy,Europe,European union,10,2015; annual 2030 limit revised in 2024,Refer Austria
Jamaica,North America,,12,,https://www.globalfueleconomy.org/media/597567/nepa-aq-standards.pdf
Japan,Asia,,15,2009,"Ministry of Environment, Government of Japan"
Jordan,Asia,Middle East and North Africa,15,2021,https://www.moenv.gov.jo/ebv4.0/root_storage/en/eb_list_page/2021_ambient_air_quality_monitoring_report.pdf
Kenya,Africa,,35,2014,https://www.nema.go.ke/images/Docs/Regulations/air%20quality%20regulations2014-1.pdf
Latvia,Europe,European union,10,2015; annual 2030 limit revised in 2024,Refer Austria
Lithuania,Europe,European union,10,2015; annual 2030 limit revised in 2024,Refer Austria
Luxembourg,Europe,European union,10,2015; annual 2030 limit revised in 2024,Refer Austria
Malaysia,Asia,South East Asia,15,2015,Malaysian Ambient Air Quality Standards 2013 
Malta,Europe,European union,10,2015; annual 2030 limit revised in 2024,Refer Austria
México,North America,Latin America,12,2014,https://www.transportpolicy.net/standard/mexico-air-quality-standards/
Moldova,Europe,,25,2015; annual 2030 limit revised in 2024,https://cis-legislation.com/document.fwx?rgn=140293
Mongolia,Asia,,25,2016,https://aaqr.org/articles/aaqr-20-04-tn-0170
Montenegro,Europe,,25,2015; annual 2030 limit revised in 2024,https://neighbourhood-enlargement.ec.europa.eu/document/download/a833fc0a-8bfd-4f7e-a4d0-04b3c657e332_en?filename=ipa_2014_032803_9_me_air_quality.pdf
Netherlands,Europe,European union,10,2015; annual 2030 limit revised in 2024,Refer Austria
New Zealand,Oceania,,10,2020,https://environment.govt.nz/assets/Publications/Files/proposed-amendments-to-the-national-environmental-standards-for-air-quality-consultation-document_0.pdf
Nigeria,Africa,Central and West Africa,20,2021,https://archive.gazettes.africa/archive/ng/2021/ng-government-gazette-supplement-dated-2021-02-17-no-161.pdf
Northern Mariana Islands,Oceania,,9,1997; latest revision in 2024,Refer USA
Norway,Europe,,5,latest revision in 2024,https://www.fhi.no/en/cl/air-pollution/outdoor-air-handbook---air-quality-criteria/summary-and-background-information/summary/?term=#overview-of-current-air-quality-criteria
Pakistan,Asia,South Asia,35,2010; latest revision in 2023,https://mocc.gov.pk/SiteImage/Policy/NCAP%20(28-02-2023).pdf
Palau,Oceania,,12,2021,https://www.palaugov.pw/wp-content/uploads/2021/11/Chapter-2401-71_Air-Quality-Regulations.pdf
Panama,North America,Latin America,15,2015,https://www.minsa.gob.pa/sites/default/files/normatividad/resolucion_no_21_de_24_de_enero_de_2023_calidad_de_aire_normativa.pdf
Paraguay,South America,Latin America,15,2015,https://www.swisstph.ch/fileadmin/user_upload/SwissTPH/Institute/Ludok/Grenzwerte/AirQualityStandards_PMOzoneNO2SO2CO_TablesReferences.pdf
Peru,South America,Latin America,25,2014,https://www.sciencedirect.com/science/article/pii/S001393512100520X?ref=pdf_download&fr=RR-2&rr=8a82181fd84454ec
Philippines,Asia,South East Asia,25,2013,https://air.emb.gov.ph/wp-content/uploads/2017/04/DAO-2013-13-PM2.5.pdf
Poland,Europe,European union,10,2015; annual 2030 limit revised in 2024,Refer Austria
Portugal,Europe,European union,10,2015; annual 2030 limit revised in 2024,Refer Austria
Puerto Rico,North America,Latin America,9,1997; latest revision in 2024,Refer USA
Romania,Europe,European union,10,2015; annual 2030 limit revised in 2024,Refer Austria
Russia,Europe,,25,2010,https://legalacts.ru/doc/postanovlenie-glavnogo-gosudarstvennogo-sanitarnogo-vracha-rf-ot-19042010-n_1/
Rwanda,Africa,Central and West Africa,35,2018,https://rema.gov.rw/fileadmin/templates/Documents/rema_doc/Air%20Quality/Inventory%20of%20Sources%20of%20Air%20Pollution%20in%20Rwanda%20Final%20Report..pdf
Saudi Arabia,Asia,Middle East and North Africa,15,2020,https://www.mewa.gov.sa//ar/InformationCenter/DocsCenter/RulesLibrary/Documents/اللائحة%20التنفيذية%20لجودة%20الهواء.pdf 
Senegal,Africa,Central and West Africa,25,2003,"https://nilu.brage.unit.no/nilu-xmlui/bitstream/handle/11250/2718640/49-2010-cbg.pdf?sequence=1&isAllowed=y
https://faolex.fao.org/docs/pdf/sen54266.pdf
https://www.scirp.org/journal/paperinformation?paperid=108037 "
Serbia,Europe,,25,2015; annual 2030 limit revised in 2024,https://www.ekologija.gov.rs/sites/default/files/2023-03/en_aq_programme_adopted_version.pdf
Singapore,Asia,South East Asia,10,2020,National Environment Agency (Singapore)
Slovakia,Europe,European union,10,2015; annual 2030 limit revised in 2024,Refer Austria
Slovenia,Europe,European union,10,2015; annual 2030 limit revised in 2024,Refer Austria
Somalia,Africa,,35,East African Community Regional Standard 751:2010 yet to be adopted,https://esa.afdb.org/sites/default/files/9%20UK11-24483_6_NBIA%20ESIA%20Air%20Quality_Chapter%209.pdf
South Africa,Africa,,20,2012,https://www.gov.za/sites/default/files/gcis_document/201409/35463gon486.pdf
South Korea,Asia,,15,2015,https://www.airkorea.or.kr/eng/contents/contentView/?pMENU_NO=160&cntnts_no=16
South Sudan,Africa,,35,East African Community Regional Standard 751:2010 yet to be adopted,https://esa.afdb.org/sites/default/files/9%20UK11-24483_6_NBIA%20ESIA%20Air%20Quality_Chapter%209.pdf
Spain,Europe,European union,10,2015; annual 2030 limit revised in 2024,Refer Austria
Sri Lanka,Asia,South Asia,25,2008,https://www.cea.lk/web/images/pdf/airqulity/1562_22E%20Ambient%20air%20quality%20-%20english.pdf
Sudan,Africa,,10,,https://www.ssph-journal.org/files/Articles/1605352/ijph-68-1605352-HTML-r2/image_m/ijph-68-1605352-g002.jpg
Sweden,Europe,European union,10,2015; annual 2030 limit revised in 2024,Refer Austria
Switzerland,Europe,,10,2018,https://www.swisstph.ch/fileadmin/user_upload/SwissTPH/Institute/Ludok/LRV_Grenzwerte_20220101.pdf
Taiwan,Asia,,12,2020; latest update in 2024,"https://airtw.moenv.gov.tw/ENG/Information/Standard/Rules.aspx
https://seetheair.org/2024/06/12/taiwan-tightens-pm2-5-standards-to-protect-public-health/"
Tanzania,Africa,,35,East African Community Regional Standard 751:2010 yet to be adopted,https://esa.afdb.org/sites/default/files/9%20UK11-24483_6_NBIA%20ESIA%20Air%20Quality_Chapter%209.pdf
Thailand,Asia,South East Asia,15,latest revision in 2023,"https://www.nationthailand.com/in-focus/40015916 
https://www.bangkokpost.com/opinion/opinion/2675628/new-pm2-5-standard-will-alarm-public "
Trinidad and Tobago,North America,,15,2023,https://cso.gov.tt/wp-content/uploads/2022/09/Q3-2020-AAQM-Report.pdf
Uganda,Africa,,25,2024,"https://ulii.org/akn/ug/act/si/2024/22/eng@2024-04-26 
https://govinfohub.go.ug/index.php/2024/05/09/nema-introduces-air-quality-regulations-to-combat-pollution/ "
Ukraine,Europe,,25,2015; annual 2030 limit revised in 2024,Refer Austria
United Kingdom,Europe,,20,2020,https://uk-air.defra.gov.uk/assets/documents/Air_Quality_Objectives_Update_20230403.pdf
United States,North America,US and Europe,9,1997; latest revision in 2024,https://www.epa.gov/criteria-air-pollutants/naaqs-table
Vietnam,Asia,South East Asia,25,2013,https://aaqr.org/articles/aaqr-18-12-oa-0471.pdf
"Virgin Islands, U.S.",North America,,9,1997; latest revision in 2024,Refer USA
Akrotiri and Dhekelia,,,No national standard,,
Åland,,,No national standard,,
Algeria,Africa,Middle East and North Africa,No national standard,,"Algeria Air Quality Policies, UNEP"
Angola,Africa,Central and West Africa,No national standard,,
Anguilla,North America,,No national standard,,
Antigua and Barbuda,North America,,No national standard,,
Argentina,South America,Latin America,No national standard,,https://openjicareport.jica.go.jp/pdf/11674041_05.pdf
Armenia,Europe,US and Europe,No national standard,,
Aruba,North America,,No national standard,,
Azerbaijan,Europe,US and Europe,No national standard,,
Bahamas,North America,,No national standard,,
Belize,North America,,No national standard,,
Benin,Africa,Central and West Africa,No national standard,,
Bermuda,North America,,No national standard,,
Bhutan,Asia,South Asia,No national standard,,
Bolivia,South America,Latin America,No national standard,,
"Bonaire, Sint Eustatius and Saba",North America,,No national standard,,
Botswana,Africa,,No national standard,,
British Indian Ocean Territory,Africa,,No national standard,,
British Virgin Islands,North America,,No national standard,,
Brunei,Asia,South East Asia,No national standard,,
Burkina Faso,Africa,Central and West Africa,No national standard,,
Cabo Verde,Africa,Central and West Africa,No national standard,,
Cameroon,Africa,Central and West Africa,No national standard,,
Cayman Islands,North America,,No national standard,,
Central African Republic,Africa,Central and West Africa,No national standard,,
Chad,Africa,Central and West Africa,No national standard,,
Christmas Island,Oceania,,No national standard,,
Clipperton Island,North America,,No national standard,,
Cocos Islands,Oceania,,No national standard,,
Comoros,Africa,,No national standard,,
Cook Islands,Oceania,,No national standard,,
Costa Rica,North America,Latin America,No national standard,,
Côte d'Ivoire,Africa,Central and West Africa,No national standard,,
Cuba,North America,Latin America,No national standard,,
Curaçao,North America,,No national standard,,
Djibouti,Africa,Middle East and North Africa,No national standard,,
Dominica,North America,,No national standard,,
Equatorial Guinea,Africa,Central and West Africa,No national standard,,
Eritrea,Africa,,No national standard,,
Ethiopia,Africa,,No national standard,,
Falkland Islands,South America,,No national standard,,
Faroe Islands,,,No national standard,,
Fiji,Oceania,,No national standard,,
French Guiana,South America,,No national standard,,
French Polynesia,Oceania,,No national standard,,
French Southern Territories,Africa,,No national standard,,
Gabon,Africa,Central and West Africa,No national standard,,
Gambia,Africa,Central and West Africa,No national standard,,
Ghana,Africa,Central and West Africa,No national standard,,
Gibraltar,,,No national standard,,
Greenland,North America,,No national standard,,
Grenada,North America,,No national standard,,
Guadeloupe,North America,,No national standard,,
Guatemala,North America,Latin America,No national standard,,
Guernsey,,,No national standard,,
Guinea,Africa,Central and West Africa,No national standard,,
Guinea-Bissau,Africa,Central and West Africa,No national standard,,
Guyana,South America,,No national standard,,
Haiti,North America,Latin America,No national standard,,
Heard Island and McDonald Island,Oceania,,No national standard,,
Honduras,North America,Latin America,No national standard,,
Isle of Man,Europe,,No national standard,,
Jersey,,,No national standard,,
Kazakhstan,Europe,US and Europe,No national standard,,
Kiribati,Oceania,,No national standard,,
Kosovo,Europe,US and Europe,No national standard,,
Kuwait,Asia,Middle East and North Africa,No national standard,,
Kyrgyzstan,Asia,,No national standard,,https://www.undp.org/sites/g/files/zskgke326/files/2022-10/air_quality_in_bishkek_eng_1.pdf
Laos,Asia,South East Asia,No national standard,,"EANET, Lao PDR"
Lebanon,Asia,Middle East and North Africa,No national standard,,
Lesotho,Africa,,No national standard,,
Liberia,Africa,Central and West Africa,No national standard,,
Libya,Africa,Middle East and North Africa,No national standard,,
Liechtenstein,Europe,US and Europe,No national standard,,
Macedonia,Europe,US and Europe,No national standard,,
Madagascar,Africa,,No national standard,,
Malawi,Africa,,No national standard,,
Maldives,Asia,South Asia,No national standard,,
Mali,Africa,Central and West Africa,No national standard,,
Marshall Islands,Oceania,,No national standard,,
Martinique,North America,,No national standard,,
Mauritania,Africa,Central and West Africa,No national standard,,
Mauritius,Africa,,No national standard,,
Mayotte,Africa,,No national standard,,
Micronesia,Oceania,,No national standard,,
Monaco,Europe,US and Europe,No national standard,,
Montserrat,North America,,No national standard,,
Morocco,Africa,Middle East and North Africa,No national standard,,
Mozambique,Africa,,No national standard,,
Myanmar,Asia,South East Asia,No national standard,,
Namibia,Africa,,No national standard,,
Nauru,Oceania,,No national standard,,
Nepal,Asia,South Asia,No national standard,,
New Caledonia,Oceania,,No national standard,,
Nicaragua,North America,Latin America,No national standard,,
Niger,Africa,Central and West Africa,No national standard,,
Niue,Oceania,,No national standard,,
Norfolk Island,Oceania,,No national standard,,
North Korea,Asia,,No national standard,,
Northern Cyprus,Europe,US and Europe,No national standard,,
Oman,Asia,Middle East and North Africa,No national standard,,
Palestine,Asia,,No national standard,,
Papua New Guinea,Oceania,,No national standard,,
Paracel Islands,Asia,,No national standard,,
Pitcairn Islands,South America,,No national standard,,
Qatar,Asia,Middle East and North Africa,No national standard,,
Republic of the Congo,Africa,Central and West Africa,No national standard,,
Réunion,Africa,,No national standard,,
"Saint Helena, Ascension and Tris",Africa,,No national standard,,
Saint Kitts and Nevis,North America,,No national standard,,
Saint Lucia,North America,,No national standard,,
Saint Pierre and Miquelon,North America,,No national standard,,
Saint Vincent and the Grenadines,North America,,No national standard,,
Saint-Barthélemy,North America,,No national standard,,
Saint-Martin,North America,,No national standard,,
Samoa,Oceania,,No national standard,,
San Marino,Europe,US and Europe,No national standard,,
São Tomé and Príncipe,Africa,Central and West Africa,No national standard,,
Seychelles,Africa,,No national standard,,
Sierra Leone,Africa,Central and West Africa,No national standard,,
Sint Maarten,North America,,No national standard,,
Solomon Islands,Oceania,,No national standard,,
South Georgia and the South Sand,South America,,No national standard,,
Spratly Islands,Asia,,No national standard,,
Suriname,South America,,No national standard,,
Svalbard and Jan Mayen,Europe,US and Europe,No national standard,,
Swaziland,Africa,,No national standard,,
Syria,Asia,Middle East and North Africa,No national standard,,
Tajikistan,Asia,,No national standard,,Tajikistan Health and Pollution Action Plan
Timor-Leste,Asia,South East Asia,No national standard,,
Togo,Africa,Central and West Africa,No national standard,,
Tokelau,Oceania,,No national standard,,
Tonga,Oceania,,No national standard,,
Tunisia,Africa,Middle East and North Africa,No national standard,,
Turkey,Europe,US and Europe,No national standard,,
Turkmenistan,Asia,,No national standard,,
Turks and Caicos Islands,North America,,No national standard,,
Tuvalu,Oceania,,No national standard,,
United Arab Emirates,Asia,Middle East and North Africa,No national standard,,
United States Minor Outlying Islands,Oceania,,No national standard,,
Uruguay,South America,Latin America,No national standard,,
Uzbekistan,Asia,,No national standard,,
Vanuatu,Oceania,,No national standard,,
Vatican City,Europe,US and Europe,No national standard,,
Venezuela,South America,Latin America,No national standard,,
Wallis and Futuna,Oceania,,No national standard,,
Western Sahara,Africa,,No national standard,,
Yemen,Asia,Middle East and North Africa,No national standard,,
Zambia,Africa,,No national standard,,
Zimbabwe,Africa,,No national standard,,
